0,0,0,0,0,0,0,0,0,0,0,0,0,0,0,0,0,0,0,0,0,0,0,0,0,0,0,0,0,0,0,0,0,0,0,0,0,0,0,0,0,0,0,0,0,0,0,0,0,0,0,0,0,0,0,0,0,0,0,0,0,0,0,0,0,0,0,0,0,0,0,0,0,0,0,0,0,0,0,0,0,0,0,0,0,0,0,0,0,0,
0,1.02118e-05,2.04199e-05,3.06216e-05,4.08118e-05,5.09888e-05,6.11459e-05,7.12819e-05,8.13886e-05,9.14648e-05,0.000101501,0.000111495,0.000121436,0.000131322,0.000141139,0.000150886,0.000160548,0.000170121,0.000179588,0.000188948,0.000198181,0.000207285,0.000216242,0.000225049,0.000233689,0.000242162,0.000250455,0.000258569,0.000266498,0.000274251,0.00028183,0.000289256,0.000296543,0.000303726,0.000310837,0.000317926,0.000325042,0.00033225,0.00033961,0.000347193,0.000355057,0.000363257,0.000371831,0.000380796,0.000390144,0.000399842,0.000409826,0.000420011,0.000430292,0.000440553,0.000450673,0.000460535,0.000470034,0.000479078,0.000487592,0.000495522,0.000502831,0.000509499,0.000515521,0.000520903,0.000525665,0.000529831,0.000533433,0.000536507,0.000539092,0.000541228,0.000542953,0.000544311,0.000545339,0.000546076,0.000546558,0.00054682,0.000546895,0.000546814,0.000546605,0.000546295,0.000545909,0.000545469,0.000544996,0.000544509,0.000544024,0.000543556,0.000543119,0.000542723,0.000542378,0.000542093,0.000541874,0.000541725,0.00054165,0,
0,2.04253e-05,4.08442e-05,6.12483e-05,8.16328e-05,0.000101987,0.000122306,0.000142577,0.000162798,0.000182949,0.000203029,0.000223016,0.000242907,0.000262677,0.000282323,0.000301816,0.00032115,0.000340295,0.000359243,0.000377961,0.000396441,0.000414648,0.000432574,0.000450186,0.000467478,0.000484421,0.000501014,0.000517237,0.000533099,0.000548595,0.000563751,0.000578586,0.000593149,0.00060749,0.00062169,0.000635833,0.000650035,0.00066441,0.000679098,0.000694225,0.000709925,0.000726303,0.000743441,0.000761374,0.000780092,0.000799521,0.000819539,0.000839968,0.000860597,0.000881186,0.000901491,0.000921275,0.000940325,0.000958453,0.000975514,0.000991395,0.00100602,0.00101936,0.0010314,0.00104216,0.00105167,0.00105998,0.00106716,0.00107329,0.00107844,0.00108269,0.00108612,0.00108881,0.00109084,0.0010923,0.00109324,0.00109375,0.00109388,0.0010937,0.00109327,0.00109263,0.00109185,0.00109096,0.00109,0.00108902,0.00108804,0.0010871,0.00108621,0.00108542,0.00108472,0.00108415,0.00108371,0.00108341,0.00108326,0,
0,3.06432e-05,6.12753e-05,9.18885e-05,0.000122468,0.000153008,0.000183489,0.000213908,0.000244239,0.00027448,0.000304601,0.000334598,0.000364437,0.000394112,0.000423584,0.000452845,0.00048185,0.000510591,0.000539017,0.000567119,0.000594844,0.000622179,0.000649073,0.000675514,0.000701455,0.000726888,0.000751774,0.000776118,0.000799898,0.000823139,0.000845846,0.000868076,0.000889874,0.000911339,0.000932569,0.000953713,0.000974925,0.0009964,0.00101833,0.00104094,0.00106441,0.00108892,0.0011146,0.00114151,0.00116964,0.00119887,0.00122902,0.00125981,0.00129092,0.00132198,0.0013526,0.00138243,0.00141113,0.00143843,0.0014641,0.00148797,0.00150995,0.00152996,0.00154801,0.00156411,0.00157834,0.00159077,0.00160149,0.00161063,0.00161829,0.00162461,0.00162969,0.00163368,0.00163667,0.0016388,0.00164017,0.00164088,0.00164104,0.00164073,0.00164004,0.00163906,0.00163785,0.00163648,0.00163502,0.00163352,0.00163203,0.0016306,0.00162926,0.00162805,0.001627,0.00162613,0.00162546,0.00162501,0.00162478,0,
0,4.0866e-05,8.17197e-05,0.000122544,0.00016333,0.000204056,0.000244715,0.000285278,0.000325741,0.000366068,0.000406255,0.000446259,0.000486073,0.000525649,0.000564978,0.000604003,0.000642715,0.000681048,0.000718991,0.000756474,0.000793482,0.000829944,0.000865843,0.00090111,0.000935732,0.000969648,0.00100285,0.0010353,0.00106701,0.00109797,0.00112822,0.0011578,0.0011868,0.00121531,0.0012435,0.00127155,0.00129967,0.00132813,0.00135719,0.00138716,0.00141831,0.00145088,0.00148507,0.00152096,0.00155856,0.0015977,0.00163814,0.00167948,0.00172128,0.00176301,0.00180416,0.00184422,0.00188274,0.00191933,0.0019537,0.00198563,0.00201497,0.00204167,0.00206571,0.00208713,0.00210603,0.00212251,0.00213672,0.00214879,0.00215891,0.00216722,0.00217389,0.0021791,0.002183,0.00218574,0.00218747,0.00218833,0.00218846,0.00218797,0.00218699,0.00218561,0.00218394,0.00218206,0.00218006,0.00217802,0.002176,0.00217405,0.00217224,0.0021706,0.00216918,0.002168,0.0021671,0.00216648,0.00216617,0,
0,5.10976e-05,0.000102177,0.000153226,0.00020422,0.00025515,0.000305984,0.000356717,0.000407307,0.00045775,0.000507997,0.000558042,0.000607826,0.000657343,0.000706524,0.000755359,0.000803772,0.000851747,0.000899202,0.000946118,0.000992407,0.00103805,0.00108295,0.00112709,0.00117039,0.00121283,0.00125434,0.00129492,0.00133454,0.00137322,0.00141096,0.00144786,0.00148398,0.00151948,0.00155451,0.00158934,0.00162423,0.00165951,0.00169554,0.00173272,0.0017714,0.00181193,0.00185457,0.00189946,0.0019466,0.00199581,0.00204674,0.0020989,0.00215167,0.00220438,0.00225634,0.00230688,0.00235542,0.00240148,0.00244468,0.00248473,0.00252149,0.00255487,0.00258488,0.00261158,0.00263508,0.00265554,0.00267314,0.00268807,0.00270054,0.00271075,0.00271892,0.00272526,0.00272997,0.00273324,0.00273526,0.0027362,0.00273623,0.0027355,0.00273415,0.00273232,0.00273014,0.00272771,0.00272513,0.00272251,0.00271991,0.00271743,0.00271511,0.00271302,0.00271121,0.00270972,0.00270856,0.00270779,0.00270739,0,
0,6.13371e-05,0.000122656,0.000183933,0.000245154,0.000306288,0.000367324,0.000428221,0.000488972,0.000549525,0.000609872,0.000669951,0.000729753,0.000789203,0.000848289,0.000906928,0.000965101,0.00102271,0.00107974,0.00113609,0.00119172,0.00124654,0.00130051,0.00135352,0.00140555,0.00145651,0.00150637,0.00155507,0.00160261,0.00164897,0.00169421,0.00173835,0.00178153,0.00182389,0.00186566,0.0019071,0.00194857,0.00199047,0.00203326,0.00207742,0.00212345,0.00217179,0.00222281,0.00227669,0.00233347,0.00239294,0.00245465,0.00251796,0.0025821,0.00264618,0.00270931,0.00277067,0.00282952,0.00288525,0.00293742,0.0029857,0.00302992,0.00306998,0.00310592,0.00313782,0.00316585,0.00319019,0.00321107,0.00322873,0.00324344,0.00325543,0.00326499,0.00327235,0.00327776,0.00328145,0.00328366,0.00328458,0.00328442,0.00328337,0.00328159,0.00327924,0.00327648,0.00327344,0.00327023,0.00326698,0.00326377,0.00326071,0.00325786,0.00325529,0.00325307,0.00325123,0.00324983,0.00324887,0.00324839,0,
0,7.15892e-05,0.000143154,0.000214678,0.000286128,0.000357492,0.000428727,0.000499825,0.000570731,0.000641437,0.000711876,0.000782041,0.000851851,0.000921295,0.00099028,0.00105879,0.00112672,0.00119404,0.00126064,0.00132649,0.00139147,0.00145554,0.00151858,0.00158053,0.0016413,0.00170083,0.00175903,0.00181589,0.00187133,0.00192539,0.00197804,0.00202939,0.00207952,0.00212864,0.00217697,0.00222485,0.00227266,0.00232093,0.00237019,0.00242107,0.00247419,0.00253015,0.00258942,0.0026523,0.00271883,0.0027888,0.00286165,0.00293657,0.00301256,0.00308851,0.00316329,0.00323587,0.00330536,0.00337103,0.00343236,0.00348897,0.00354068,0.00358742,0.00362923,0.00366626,0.0036987,0.00372679,0.00375081,0.00377107,0.00378786,0.0038015,0.00381229,0.00382053,0.00382651,0.00383051,0.00383278,0.00383357,0.00383312,0.00383165,0.00382934,0.0038264,0.00382298,0.00381926,0.00381536,0.00381142,0.00380755,0.00380387,0.00380045,0.00379737,0.00379471,0.00379251,0.00379083,0.00378969,0.00378911,0,
0,8.18521e-05,0.000163682,0.000245457,0.000327162,0.000408755,0.000490225,0.000571518,0.000652623,0.000733474,0.000814062,0.000894303,0.000974187,0.00105361,0.00113257,0.00121094,0.00128871,0.00136574,0.001442,0.00151736,0.00159177,0.0016651,0.00173728,0.00180819,0.00187777,0.00194588,0.00201249,0.00207748,0.00214086,0.00220256,0.00226263,0.0023211,0.00237811,0.00243383,0.00248855,0.00254261,0.00259652,0.00265081,0.00270621,0.00276345,0.00282334,0.00288664,0.00295399,0.00302583,0.00310227,0.00318304,0.00326748,0.00335457,0.00344305,0.00353149,0.0036185,0.00370282,0.00378336,0.00385927,0.00392995,0.00399501,0.00405425,0.00410763,0.00415525,0.00419729,0.004234,0.00426568,0.00429269,0.00431536,0.00433407,0.00434917,0.00436103,0.00436999,0.00437639,0.00438053,0.00438273,0.00438327,0.00438241,0.00438039,0.00437746,0.00437382,0.00436966,0.00436517,0.00436051,0.00435582,0.00435124,0.00434687,0.00434284,0.00433922,0.00433609,0.00433351,0.00433153,0.00433019,0.00432951,0,
0,9.2131e-05,0.000184233,0.000276285,0.000368246,0.000460104,0.000551805,0.000643337,0.000734635,0.000825688,0.000916413,0.0010068,0.00109675,0.00118624,0.00127516,0.00136348,0.00145107,0.0015379,0.00162382,0.00170879,0.00179264,0.00187533,0.00195668,0.00203663,0.00211502,0.0021918,0.00226681,0.00234002,0.00241131,0.00248068,0.0025481,0.00261365,0.00267741,0.0027396,0.00280049,0.00286049,0.00292013,0.0029801,0.00304118,0.00310434,0.00317056,0.00324084,0.00331604,0.00339677,0.00348325,0.0035752,0.00367181,0.0037718,0.00387355,0.00397528,0.00407524,0.0041719,0.00426396,0.00435046,0.00443071,0.00450433,0.00457112,0.0046311,0.00468442,0.00473132,0.00477213,0.00480722,0.004837,0.00486189,0.0048823,0.00489868,0.00491141,0.0049209,0.00492753,0.00493166,0.00493362,0.00493375,0.00493233,0.00492966,0.00492597,0.00492153,0.00491653,0.00491119,0.00490567,0.00490016,0.00489479,0.0048897,0.004885,0.00488079,0.00487715,0.00487416,0.00487187,0.00487032,0.00486953,0,
0,0.000102423,0.000204819,0.000307152,0.000409404,0.000511524,0.0006135,0.000715266,0.000816812,0.000918057,0.00101899,0.00111951,0.0012196,0.00131914,0.00141812,0.00151638,0.00161391,0.00171054,0.00180623,0.00190081,0.00199422,0.00208627,0.0021769,0.00226591,0.00235324,0.00243869,0.0025222,0.0026036,0.00268287,0.00275988,0.00283466,0.00290719,0.00297762,0.00304609,0.00311294,0.00317856,0.00324357,0.00330873,0.003375,0.0034435,0.0035155,0.00359226,0.00367497,0.00376447,0.00386116,0.00396474,0.00407424,0.00418804,0.00430407,0.00442005,0.00453385,0.00464357,0.00474771,0.00484516,0.00493523,0.00501749,0.00509184,0.00515833,0.0052172,0.00526878,0.00531348,0.00535175,0.00538407,0.00541093,0.00543283,0.00545023,0.00546361,0.00547342,0.00548008,0.005484,0.00548555,0.0054851,0.00548298,0.00547949,0.00547493,0.00546954,0.00546359,0.00545729,0.00545084,0.00544442,0.00543819,0.0054323,0.00542688,0.00542203,0.00541785,0.00541442,0.00541179,0.00541001,0.00540911,0,
0,0.000112733,0.000225433,0.000338078,0.00045062,0.000563044,0.000675289,0.000787345,0.000899129,0.00101063,0.00112176,0.0012325,0.00134272,0.00145241,0.00156143,0.00166975,0.00177721,0.00188376,0.00198922,0.00209354,0.00219651,0.00229806,0.00239799,0.00249619,0.00259246,0.00268671,0.00277873,0.00286844,0.00295566,0.00304037,0.00312245,0.00320195,0.0032789,0.00335352,0.00342605,0.00349698,0.00356692,0.00363675,0.00370755,0.0037807,0.00385774,0.00394034,0.00403005,0.00412813,0.00423516,0.00435094,0.00447425,0.00460303,0.0047346,0.00486607,0.00499476,0.00511839,0.00523522,0.00534405,0.00544413,0.00553513,0.00561698,0.00568986,0.0057541,0.00581013,0.00585846,0.00589964,0.00593422,0.00596279,0.00598588,0.00600406,0.00601783,0.00602772,0.00603418,0.00603768,0.00603861,0.0060374,0.00603439,0.00602993,0.00602433,0.00601789,0.00601086,0.00600349,0.00599599,0.00598857,0.0059814,0.00597465,0.00596844,0.0059629,0.00595814,0.00595422,0.00595123,0.00594921,0.00594819,0,
0,0.000123058,0.000246088,0.000369048,0.000491919,0.000614645,0.000737212,0.000859546,0.000981638,0.00110339,0.00122479,0.00134573,0.00146618,0.00158601,0.00170519,0.00182356,0.00194107,0.00205754,0.00217291,0.00228697,0.00239966,0.00251073,0.00262009,0.00272751,0.00283288,0.00293594,0.0030366,0.00313463,0.00322992,0.0033223,0.00341172,0.00349811,0.00358154,0.0036621,0.0037401,0.00381595,0.00389035,0.0039642,0.00403879,0.0041157,0.00419686,0.0042844,0.00438043,0.00448672,0.00460425,0.00473288,0.00487117,0.00501644,0.00516518,0.00531366,0.00545853,0.00559704,0.00572725,0.00584786,0.00595817,0.00605792,0.00614718,0.00622626,0.00629563,0.00635582,0.00640749,0.00645125,0.00648778,0.00651772,0.00654171,0.00656036,0.00657425,0.00658394,0.00658996,0.00659279,0.0065929,0.00659071,0.00658663,0.00658101,0.00657422,0.00656656,0.00655831,0.00654974,0.0065411,0.00653258,0.00652438,0.00651668,0.00650963,0.00650334,0.00649794,0.00649351,0.00649012,0.00648784,0.00648668,0,
0,0.000133404,0.000266773,0.000400082,0.000533282,0.000666358,0.000799239,0.000931917,0.0010643,0.00119638,0.00132805,0.00145928,0.00158995,0.00172003,0.00184936,0.0019779,0.00210546,0.00223199,0.00235728,0.00248125,0.00260365,0.00272441,0.00284324,0.00296004,0.00307453,0.00318659,0.00329592,0.0034024,0.00350578,0.00360593,0.00370268,0.00379597,0.00388575,0.00397215,0.00405533,0.00413576,0.00421406,0.00429126,0.0043687,0.0044483,0.00453237,0.00462367,0.00472503,0.00483897,0.00496706,0.00510937,0.00526415,0.0054279,0.00559591,0.0057633,0.00592586,0.00608039,0.00622469,0.00635748,0.00647816,0.00658663,0.00668313,0.00676815,0.00684232,0.00690634,0.00696096,0.00700694,0.00704504,0.00707601,0.00710055,0.00711935,0.00713304,0.00714225,0.00714753,0.00714944,0.00714847,0.00714509,0.00713972,0.00713277,0.0071246,0.00711556,0.00710595,0.00709606,0.00708613,0.00707641,0.00706708,0.00705836,0.00705037,0.00704328,0.00703719,0.0070322,0.0070284,0.00702583,0.00702453,0,
0,0.000143765,0.000287501,0.000431163,0.000574736,0.000718155,0.000861411,0.00100442,0.00114717,0.00128957,0.00143159,0.00157311,0.0017141,0.00185442,0.00199403,0.00213273,0.00227049,0.00240709,0.00254245,0.00267634,0.00280865,0.00293911,0.0030676,0.00319382,0.00331763,0.00343871,0.0035569,0.00367188,0.0037835,0.00389145,0.00399562,0.00409578,0.00419192,0.00428397,0.00437215,0.00445675,0.00453843,0.00461814,0.00469743,0.00477837,0.00486382,0.00495725,0.00506253,0.00518324,0.00532187,0.00547883,0.00565207,0.00583697,0.00602698,0.00621566,0.00639774,0.0065695,0.00672863,0.00687394,0.00700504,0.00712208,0.00722555,0.00731616,0.00739474,0.00746215,0.0075193,0.00756707,0.00760634,0.00763793,0.00766264,0.00768121,0.00769437,0.00770276,0.00770702,0.00770772,0.00770541,0.00770058,0.00769371,0.0076852,0.00767548,0.00766488,0.00765375,0.00764238,0.00763105,0.00762,0.00760946,0.0075996,0.00759062,0.00758265,0.00757582,0.00757023,0.00756597,0.0075631,0.00756165,0,
0,0.000154147,0.000308259,0.000462312,0.000616254,0.000770071,0.00092369,0.0010771,0.00123021,0.00138301,0.00153537,0.00168728,0.00183859,0.00198927,0.00213914,0.00228816,0.00243612,0.00258295,0.0027284,0.00287238,0.00301462,0.00315498,0.00329317,0.00342902,0.0035622,0.00369252,0.00381963,0.00394332,0.00406323,0.00417916,0.00429077,0.00439791,0.00450034,0.00459803,0.00469096,0.00477941,0.00486387,0.0049453,0.00502519,0.00510591,0.00519075,0.00528416,0.00539131,0.00551741,0.00566632,0.0058391,0.00603342,0.00624314,0.00645881,0.00667174,0.00687544,0.00706574,0.00724037,0.00739842,0.00753985,0.00766519,0.00777523,0.00787097,0.00795345,0.00802376,0.00808293,0.00813201,0.00817197,0.00820373,0.00822818,0.00824614,0.00825837,0.00826561,0.0082685,0.0082677,0.00826376,0.00825724,0.00824861,0.00823834,0.00822684,0.00821451,0.00820168,0.00818869,0.00817581,0.00816332,0.00815143,0.00814037,0.00813029,0.00812138,0.00811375,0.00810752,0.00810277,0.00809957,0.00809796,0,
0,0.000164545,0.000329061,0.000493507,0.000657865,0.000822071,0.000986118,0.00114992,0.00131347,0.00147664,0.00163945,0.00180173,0.00196348,0.00212451,0.0022848,0.00244413,0.00260245,0.00275951,0.00291524,0.00306934,0.00322171,0.00337202,0.00352012,0.00366566,0.00380844,0.00394808,0.00408434,0.00421683,0.00434526,0.00446924,0.0045885,0.00470265,0.00481148,0.00491472,0.00501232,0.0051043,0.00519105,0.0052733,0.00535252,0.0054311,0.00551287,0.00560331,0.00570942,0.0058387,0.00599733,0.00618721,0.0064061,0.00664595,0.00689219,0.00713303,0.00736069,0.00757081,0.00776146,0.00793226,0.00808375,0.00821691,0.00833298,0.00843325,0.00851904,0.00859164,0.00865227,0.00870209,0.00874222,0.00877366,0.00879739,0.00881429,0.0088252,0.00883089,0.00883209,0.00882944,0.00882359,0.00881507,0.00880444,0.00879216,0.00877868,0.00876441,0.00874971,0.00873493,0.00872036,0.00870629,0.00869295,0.00868056,0.00866932,0.00865938,0.0086509,0.00864397,0.00863869,0.00863514,0.00863335,0,
0,0.000174963,0.000349892,0.000524768,0.000699537,0.000874191,0.00104865,0.00122292,0.00139688,0.00157054,0.00174377,0.00191655,0.00208871,0.00226024,0.00243093,0.00260073,0.00276942,0.00293691,0.00310292,0.00326736,0.00342989,0.00359038,0.00374846,0.00390393,0.0040564,0.00420561,0.00435113,0.00449267,0.00462975,0.00476204,0.00488906,0.00501044,0.00512574,0.00523464,0.00533682,0.00543217,0.00552074,0.00560304,0.00568019,0.0057545,0.00583009,0.00591364,0.00601445,0.00614346,0.00631069,0.00651898,0.00676694,0.00704517,0.00732861,0.00760175,0.00785585,0.00808687,0.00829374,0.008477,0.00863798,0.00877829,0.00889964,0.0090037,0.00909207,0.00916627,0.00922769,0.00927765,0.00931736,0.00934794,0.00937044,0.00938582,0.00939497,0.00939872,0.00939783,0.00939301,0.0093849,0.00937411,0.00936119,0.00934666,0.00933097,0.00931455,0.00929779,0.00928105,0.00926463,0.00924885,0.00923393,0.00922012,0.00920761,0.00919658,0.00918716,0.00917949,0.00917365,0.00916972,0.00916774,0,
0,0.000185395,0.000370766,0.000556071,0.0007413,0.000926388,0.00111133,0.00129604,0.00148052,0.00166464,0.0018484,0.00203165,0.00221437,0.00239638,0.00257763,0.0027579,0.00293713,0.00311506,0.00329157,0.00346637,0.0036393,0.00381002,0.00397833,0.00414382,0.00430625,0.00446516,0.00462024,0.00477098,0.00491701,0.00505777,0.00519284,0.00532162,0.00544364,0.00555831,0.0056652,0.00576384,0.00585399,0.00593566,0.00600947,0.00607717,0.00614283,0.00621422,0.00630358,0.00642663,0.0066009,0.00682836,0.0071107,0.00744143,0.00777085,0.0080812,0.00836402,0.00861655,0.00883934,0.00903432,0.00920387,0.00935037,0.00947605,0.009583,0.00967311,0.0097481,0.00980958,0.00985899,0.00989765,0.00992679,0.00994752,0.00996087,0.0099678,0.00996917,0.0099658,0.00995842,0.00994773,0.00993435,0.00991887,0.00990181,0.00988367,0.00986488,0.00984586,0.00982698,0.00980856,0.00979091,0.00977429,0.00975894,0.00974507,0.00973285,0.00972244,0.00971397,0.00970753,0.00970319,0.00970101,0,
0,0.000195847,0.000391664,0.000587438,0.000783116,0.000978698,0.00117411,0.00136934,0.0015643,0.00175899,0.00195326,0.00214711,0.00234037,0.00253301,0.00272481,0.00291573,0.00310551,0.00329408,0.00348111,0.0036665,0.00384989,0.0040311,0.00420972,0.00438551,0.00455802,0.00472693,0.00489172,0.005052,0.00520717,0.00535677,0.00550012,0.00563665,0.00576564,0.00588642,0.00599821,0.00610032,0.00619201,0.00627273,0.00634218,0.00640101,0.00645232,0.00650468,0.00657369,0.00668093,0.00686111,0.00710678,0.00742718,0.00783845,0.00822385,0.0085762,0.00888927,0.00916302,0.00940061,0.00960598,0.00978276,0.00993418,0.010063,0.0101718,0.0102627,0.0103376,0.0103983,0.0104464,0.0104833,0.0105104,0.0105288,0.0105395,0.0105437,0.0105423,0.010536,0.0105257,0.0105121,0.0104958,0.0104774,0.0104576,0.0104367,0.0104154,0.0103939,0.0103726,0.0103521,0.0103324,0.0103139,0.0102969,0.0102816,0.0102681,0.0102566,0.0102473,0.0102402,0.0102355,0.0102331,0,
0,0.000206309,0.0004126,0.000618837,0.000825015,0.00103107,0.00123702,0.00144276,0.0016483,0.00185352,0.00205842,0.00226285,0.00246678,0.00267003,0.00287256,0.00307412,0.00327466,0.00347388,0.00367167,0.00386769,0.00406178,0.00425355,0.00444278,0.00462899,0.0048119,0.00499097,0.00516582,0.00533584,0.00550054,0.00565923,0.00581129,0.0059559,0.00609231,0.00621956,0.00633671,0.00644264,0.00653624,0.00661614,0.00668091,0.00672908,0.00676124,0.00678572,0.00682225,0.00689408,0.00708438,0.00734306,0.00769239,0.00825005,0.00869548,0.00909335,0.00943671,0.00972987,0.00998008,0.0101938,0.010376,0.0105307,0.0106614,0.0107707,0.0108612,0.010935,0.0109941,0.0110401,0.0110746,0.0110989,0.0111143,0.0111219,0.0111229,0.0111181,0.0111085,0.0110949,0.0110779,0.0110584,0.0110368,0.0110139,0.0109901,0.0109659,0.0109417,0.010918,0.010895,0.0108732,0.0108528,0.010834,0.0108171,0.0108022,0.0107896,0.0107794,0.0107716,0.0107664,0.0107637,0,
0,0.000216788,0.000433553,0.00065029,0.000866953,0.00108355,0.0013,0.00151633,0.00173242,0.00194829,0.00216379,0.00237892,0.00259352,0.00280754,0.00302078,0.00323318,0.00344447,0.00365456,0.00386313,0.00407004,0.00427491,0.00447753,0.00467745,0.0048744,0.00506786,0.00525745,0.00544257,0.00562274,0.00579725,0.00596549,0.00612661,0.00627983,0.00642411,0.00655843,0.0066815,0.00679196,0.00688816,0.00696812,0.00702897,0.00706619,0.00707448,0.00705998,0.00706615,0.0196027,0.0236313,0.023934,0.0205394,0.00875666,0.00919395,0.00964124,0.0100125,0.0103209,0.0105801,0.0107993,0.0109847,0.0111409,0.0112717,0.0113802,0.0114692,0.0115408,0.0115973,0.0116403,0.0116715,0.0116924,0.0117042,0.0117081,0.0117053,0.0116967,0.0116833,0.0116659,0.0116452,0.0116221,0.011597,0.0115707,0.0115437,0.0115164,0.0114893,0.0114628,0.0114374,0.0114132,0.0113906,0.01137,0.0113514,0.0113351,0.0113213,0.0113101,0.0113015,0.0112958,0.011293,0,
0,0.000227273,0.000454537,0.000681763,0.000908957,0.00113607,0.0013631,0.00158998,0.00181672,0.0020432,0.00226942,0.00249524,0.00272064,0.00294542,0.00316955,0.00339278,0.00361504,0.00383602,0.00405562,0.00427347,0.00448939,0.00470294,0.00491389,0.00512172,0.00532608,0.00552639,0.00572218,0.00591277,0.00609755,0.0062757,0.00644644,0.00660875,0.00676158,0.00690362,0.00703344,0.0071493,0.00724926,0.00733086,0.00739038,0.0074196,0.0074006,0.00738305,0.0232045,0.0345468,0.0397165,0.0400468,0.0355544,0.0249317,0.00980081,0.010232,0.0106237,0.0109398,0.0112028,0.0114239,0.0116098,0.0117654,0.0118946,0.0120008,0.0120869,0.0121552,0.012208,0.0122472,0.0122743,0.012291,0.0122985,0.0122981,0.0122909,0.012278,0.0122603,0.0122387,0.012214,0.0121868,0.012158,0.012128,0.0120974,0.0120668,0.0120366,0.0120072,0.011979,0.0119523,0.0119275,0.0119048,0.0118844,0.0118666,0.0118515,0.0118392,0.0118299,0.0118237,0.0118205,0,
0,0.00023777,0.000475527,0.000713276,0.000950982,0.00118866,0.00142625,0.00166376,0.00190111,0.00213831,0.00237523,0.00261186,0.00284804,0.00308374,0.00331875,0.00355301,0.00378624,0.00401836,0.00424901,0.00447807,0.00470511,0.00492991,0.005152,0.00537106,0.00558651,0.00579794,0.00600466,0.00620613,0.00640154,0.00659015,0.00677098,0.00694305,0.00710509,0.00725573,0.00739322,0.00751563,0.00762071,0.00770608,0.00776886,0.00780022,0.00774201,0.0236799,0.039306,0.0504091,0.055968,0.0563165,0.0514638,0.0410861,0.0261767,0.0108756,0.0112774,0.0115887,0.0118491,0.0120684,0.012252,0.0124047,0.0125305,0.0126327,0.0127145,0.0127784,0.0128265,0.0128608,0.0128831,0.0128947,0.0128972,0.0128919,0.0128798,0.012862,0.0128396,0.0128133,0.0127841,0.0127526,0.0127195,0.0126855,0.0126512,0.0126169,0.0125833,0.0125508,0.0125197,0.0124904,0.0124631,0.0124383,0.012416,0.0123965,0.01238,0.0123667,0.0123566,0.0123498,0.0123464,0,
0,0.000248266,0.000496536,0.000744791,0.000993051,0.00124127,0.00148948,0.00173759,0.00198565,0.00223353,0.00248125,0.00272867,0.00297578,0.00322238,0.00346845,0.00371373,0.00395816,0.00420142,0.0044434,0.00468372,0.00492218,0.00515834,0.00539191,0.00562235,0.00584929,0.00607207,0.00629018,0.00650286,0.00670942,0.00690893,0.00710051,0.00728297,0.00745508,0.00761522,0.00776153,0.00789173,0.00800329,0.00809402,0.00816507,0.00823138,0.00859333,0.0375889,0.0553953,0.0668352,0.0725951,0.0729566,0.0679263,0.0572333,0.0402099,0.0121598,0.0119823,0.0122662,0.0125186,0.0127329,0.0129118,0.0130593,0.0131796,0.0132762,0.0133523,0.0134104,0.0134528,0.0134813,0.0134977,0.0135036,0.0135005,0.0134895,0.0134719,0.0134487,0.013421,0.0133896,0.0133554,0.0133192,0.0132816,0.0132433,0.0132048,0.0131668,0.0131295,0.0130936,0.0130594,0.0130273,0.0129975,0.0129703,0.012946,0.0129248,0.0129069,0.0128923,0.0128814,0.012874,0.0128703,0,
0,0.000258769,0.000517538,0.000776327,0.00103511,0.00129393,0.00155271,0.00181151,0.00207022,0.00232889,0.00258739,0.00284572,0.00310373,0.0033614,0.00361851,0.00387502,0.00413065,0.0043853,0.00463864,0.0048905,0.00514046,0.0053883,0.00563349,0.00587571,0.00611434,0.00634891,0.0065787,0.00680309,0.00702121,0.00723225,0.00743513,0.00762878,0.00781179,0.00798253,0.00813891,0.00827835,0.0083976,0.00849307,0.00856396,0.00869648,0.0318411,0.0552461,0.0725122,0.0839021,0.0897038,0.0900748,0.0850194,0.0743879,0.0578997,0.0352934,0.0127692,0.0129615,0.0132095,0.0134176,0.0135891,0.0137291,0.013842,0.0139314,0.0140003,0.0140514,0.0140868,0.0141086,0.0141183,0.0141177,0.0141081,0.0140908,0.0140671,0.0140379,0.0140044,0.0139675,0.013928,0.0138866,0.0138441,0.0138011,0.0137583,0.0137161,0.013675,0.0136355,0.013598,0.0135628,0.0135303,0.0135007,0.0134743,0.0134512,0.0134318,0.013416,0.0134041,0.0133961,0.0133921,0,
0,0.000269263,0.000538544,0.000807842,0.00107719,0.00134656,0.00161599,0.00188542,0.00215488,0.00242429,0.00269368,0.00296289,0.00323195,0.00350065,0.00376899,0.00403672,0.00430377,0.00456983,0.00483479,0.00509826,0.00536004,0.00561967,0.00587684,0.00613101,0.00638175,0.00662838,0.00687034,0.0071068,0.00733706,0.00756011,0.00777501,0.00798056,0.00817544,0.00835793,0.00852588,0.00867634,0.00880534,0.00890599,0.00894993,0.029167,0.0523783,0.0738027,0.0903804,0.101558,0.107312,0.107691,0.102695,0.0922827,0.0764771,0.055817,0.0332909,0.0136653,0.0139229,0.0141228,0.0142843,0.0144144,0.0145177,0.014598,0.0146583,0.0147012,0.0147286,0.0147426,0.0147448,0.0147368,0.01472,0.0146958,0.0146653,0.0146296,0.0145898,0.0145468,0.0145015,0.0144546,0.0144069,0.0143589,0.0143114,0.0142648,0.0142196,0.0141763,0.0141353,0.0140969,0.0140615,0.0140293,0.0140006,0.0139756,0.0139546,0.0139375,0.0139246,0.013916,0.0139116,0,
0,0.000279754,0.000559526,0.000839352,0.00111922,0.00139919,0.00167922,0.00195935,0.00223952,0.00251977,0.0028,0.00308022,0.00336029,0.0036402,0.00391974,0.00419889,0.00447736,0.00475508,0.0050317,0.00530706,0.00558074,0.0058525,0.00612181,0.00638832,0.0066514,0.00691055,0.007165,0.00741409,0.00765691,0.00789261,0.00812012,0.00833839,0.00854605,0.00874155,0.00892268,0.00908646,0.00922906,0.00935091,0.00966625,0.0453851,0.0713601,0.0925297,0.108731,0.119709,0.125391,0.125775,0.120862,0.110657,0.0952296,0.0748297,0.0496131,0.0147398,0.0146689,0.0148496,0.0149973,0.0151147,0.0152063,0.0152759,0.0153262,0.0153596,0.015378,0.0153833,0.0153771,0.0153609,0.0153362,0.0153043,0.0152664,0.0152237,0.015177,0.0151275,0.015076,0.0150231,0.0149697,0.0149165,0.0148639,0.0148126,0.0147631,0.0147158,0.014671,0.0146293,0.0145908,0.0145559,0.0145249,0.0144979,0.0144751,0.0144567,0.0144428,0.0144334,0.0144288,0,
0,0.000290228,0.000580493,0.000870812,0.00116124,0.00145176,0.00174243,0.00203322,0.00232417,0.00261521,0.00290638,0.00319757,0.00348879,0.00377987,0.0040708,0.00436135,0.00465147,0.00494086,0.0052294,0.00551672,0.00580262,0.00608663,0.00636844,0.0066475,0.00692335,0.0071953,0.00746275,0.00772485,0.00798083,0.00822969,0.0084705,0.00870216,0.00892356,0.00913325,0.00932928,0.00950852,0.00966449,0.00976151,0.0338973,0.0645359,0.0904891,0.111496,0.127466,0.138284,0.143894,0.144283,0.139451,0.129413,0.114224,0.0939962,0.068819,0.0389551,0.0154085,0.0155951,0.0157273,0.0158295,0.0159074,0.0159646,0.0160037,0.0160265,0.0160349,0.0160305,0.016015,0.0159898,0.0159564,0.0159162,0.0158703,0.0158198,0.0157659,0.0157094,0.0156511,0.0155919,0.0155326,0.0154736,0.0154158,0.0153595,0.0153054,0.0152538,0.0152051,0.0151598,0.0151181,0.0150804,0.0150468,0.0150177,0.0149931,0.0149733,0.0149583,0.0149483,0.0149432,0,
0,0.000300688,0.000601415,0.000902236,0.00120317,0.00150427,0.00180554,0.00210704,0.00240871,0.00271063,0.0030127,0.00331497,0.00361729,0.0039197,0.00422199,0.00452414,0.00482591,0.00512721,0.00542771,0.00572727,0.00602547,0.00632207,0.00661655,0.00690855,0.00719742,0.00748266,0.00776346,0.00803912,0.00830871,0.00857135,0.008826,0.00907176,0.00930765,0.00953268,0.00974534,0.00994371,0.0101332,0.0105927,0.0518966,0.0837663,0.109845,0.13074,0.146544,0.157233,0.16278,0.163173,0.158413,0.148512,0.133497,0.113391,0.0881052,0.0570434,0.0166233,0.0163713,0.0164743,0.0165579,0.0166202,0.0166637,0.0166902,0.0167015,0.0166989,0.016684,0.0166583,0.0166233,0.0165806,0.0165313,0.0164767,0.016418,0.0163562,0.0162922,0.0162268,0.0161609,0.0160951,0.0160302,0.0159667,0.0159052,0.0158462,0.0157901,0.0157374,0.0156883,0.0156433,0.0156025,0.0155663,0.0155349,0.0155085,0.0154872,0.0154711,0.0154603,0.0154549,0,
0,0.000311119,0.000622298,0.000933575,0.00124503,0.00155666,0.00186856,0.0021807,0.00249317,0.0028059,0.00311897,0.00343226,0.00374583,0.00405951,0.00437334,0.00468707,0.00500069,0.00531392,0.00562664,0.0059385,0.00624932,0.00655863,0.00686615,0.00717129,0.00747363,0.00777244,0.00806712,0.00835677,0.00864057,0.00891747,0.00918655,0.00944689,0.00969788,0.00993907,0.0101695,0.0103839,0.0105406,0.0374087,0.0726543,0.1037,0.129561,0.150292,0.165944,0.17652,0.18201,0.182408,0.177713,0.167933,0.153078,0.133146,0.108086,0.0778472,0.0433986,0.0171145,0.0172322,0.0172984,0.0173436,0.0173722,0.0173855,0.0173843,0.0173699,0.0173435,0.0173068,0.0172613,0.0172083,0.0171493,0.0170855,0.017018,0.0169477,0.0168757,0.0168028,0.0167297,0.0166572,0.016586,0.0165166,0.0164496,0.0163854,0.0163246,0.0162675,0.0162145,0.0161659,0.0161221,0.0160831,0.0160494,0.016021,0.0159981,0.0159808,0.0159693,0.0159635,0,
0,0.000321524,0.000643111,0.000964841,0.00128675,0.00160894,0.0019314,0.00225424,0.00257743,0.00290105,0.00322504,0.00354947,0.00387422,0.00419934,0.00452465,0.00485015,0.00517562,0.00550099,0.00582597,0.00615041,0.00647393,0.00679629,0.007117,0.00743569,0.00775175,0.00806464,0.00837356,0.00867777,0.00897626,0.00926805,0.00955201,0.00982731,0.0100936,0.0103516,0.0106026,0.0108567,0.0113985,0.0569356,0.0932176,0.123995,0.149609,0.170146,0.185645,0.196114,0.20155,0.201952,0.197318,0.187653,0.17296,0.153229,0.128425,0.0984622,0.063005,0.0183596,0.0180193,0.0180506,0.0180763,0.0180894,0.0180889,0.0180747,0.0180475,0.0180089,0.0179603,0.0179034,0.0178395,0.0177702,0.0176964,0.0176195,0.0175403,0.0174598,0.0173788,0.0172982,0.0172186,0.0171407,0.0170651,0.0169922,0.0169227,0.016857,0.0167953,0.0167382,0.016686,0.0166388,0.016597,0.0165608,0.0165304,0.0165059,0.0164874,0.016475,0.0164688,0,
0,0.000331886,0.000663858,0.00099598,0.00132835,0.00166102,0.00199407,0.00232753,0.0026615,0.00299593,0.00333094,0.00366643,0.00400248,0.00433897,0.00467593,0.00501317,0.00535068,0.00568821,0.00602568,0.00636276,0.00669927,0.0070348,0.00736906,0.00770151,0.00803172,0.008359,0.00868271,0.00900195,0.00931579,0.009623,0.00992237,0.0102128,0.0104941,0.0107679,0.011034,0.0112498,0.040232,0.0791198,0.114322,0.14464,0.169957,0.19028,0.20562,0.215983,0.221368,0.221773,0.217199,0.207648,0.19312,0.173612,0.149111,0.119613,0.0852311,0.0471472,0.0187514,0.0188062,0.0188162,0.0188143,0.0188001,0.0187723,0.0187317,0.0186798,0.0186185,0.0185493,0.0184739,0.0183934,0.0183091,0.0182222,0.0181336,0.0180441,0.0179547,0.0178661,0.0177791,0.0176941,0.017612,0.0175331,0.0174579,0.017387,0.0173206,0.0172592,0.0172031,0.0171525,0.0171078,0.017069,0.0170365,0.0170102,0.0169905,0.0169772,0.0169706,0,
0,0.000342207,0.000684505,0.001027,0.00136976,0.00171291,0.00205648,0.00240059,0.00274524,0.00309055,0.00343649,0.00378314,0.00413043,0.00447842,0.00482697,0.00517612,0.00552565,0.00587555,0.00622553,0.0065755,0.00692509,0.0072741,0.00762207,0.00796866,0.00831328,0.00865544,0.00899434,0.00932923,0.00965901,0.00998242,0.0102978,0.0106034,0.0108989,0.0111887,0.0114938,0.012064,0.0609144,0.100819,0.13562,0.165542,0.190561,0.210661,0.22584,0.236098,0.241431,0.24184,0.237325,0.227887,0.213527,0.194249,0.170053,0.140956,0.106982,0.0679064,0.0199394,0.0195869,0.0195627,0.0195461,0.0195188,0.0194772,0.0194222,0.0193562,0.0192811,0.0191989,0.019111,0.0190188,0.0189234,0.0188259,0.0187273,0.0186284,0.0185301,0.0184332,0.0183383,0.0182461,0.018157,0.0180718,0.0179908,0.0179144,0.0178431,0.0177773,0.0177171,0.017663,0.0176151,0.0175737,0.0175389,0.017511,0.0174899,0.0174757,0.0174687,0,
0,0.00035247,0.000705055,0.00105785,0.00141099,0.00176453,0.00211862,0.00247328,0.00282867,0.00318476,0.0035417,0.00389943,0.00425805,0.00461747,0.00497776,0.00533876,0.0057005,0.00606275,0.00642548,0.00678838,0.00715132,0.00751392,0.00787593,0.00823686,0.00859631,0.00895364,0.00930828,0.00965934,0.0100059,0.0103463,0.0106787,0.0109997,0.0113068,0.0116007,0.0118622,0.0422649,0.0840793,0.122835,0.157106,0.186647,0.211375,0.231255,0.246274,0.256427,0.26171,0.262123,0.257665,0.248339,0.234147,0.215095,0.191198,0.162487,0.129047,0.0911179,0.0501066,0.0202948,0.0203051,0.020284,0.0202457,0.0201896,0.020119,0.0200376,0.0199478,0.0198516,0.0197506,0.019646,0.0195388,0.0194302,0.0193211,0.0192124,0.0191048,0.0189991,0.018896,0.0187961,0.0187,0.0186081,0.018521,0.018439,0.0183626,0.0182921,0.0182278,0.0181699,0.0181189,0.0180747,0.0180376,0.0180078,0.0179853,0.0179703,0.0179628,0,
0,0.000362675,0.000725472,0.00108853,0.00145195,0.00181588,0.00218039,0.00254563,0.00291164,0.00327856,0.0036464,0.00401528,0.00438515,0.00475611,0.00512806,0.00550107,0.00587497,0.00624977,0.00662524,0.00700131,0.00737766,0.00775414,0.00813033,0.00850595,0.00888046,0.00925343,0.00962418,0.00999207,0.0103561,0.0107149,0.0110659,0.011404,0.0117221,0.0120312,0.0125805,0.0634652,0.106406,0.144818,0.178698,0.207905,0.232362,0.252029,0.266891,0.276941,0.282174,0.282591,0.27819,0.268974,0.254945,0.236113,0.212494,0.184124,0.151082,0.113505,0.0713929,0.0213662,0.0210651,0.0210315,0.0209826,0.0209101,0.020822,0.0207236,0.0206181,0.0205072,0.0203923,0.0202745,0.0201551,0.0200349,0.0199148,0.0197957,0.0196784,0.0195636,0.019452,0.0193441,0.0192405,0.0191417,0.0190482,0.0189604,0.0188787,0.0188034,0.0187347,0.0186731,0.0186187,0.0185716,0.0185322,0.0185005,0.0184766,0.0184606,0.0184526,0,
0,0.000372804,0.000745756,0.00111898,0.00149265,0.00186686,0.00224179,0.00261749,0.00299415,0.00337179,0.00375058,0.0041305,0.0045117,0.00489411,0.00527785,0.0056628,0.00604902,0.00643634,0.00682475,0.007214,0.00760402,0.00799446,0.00838513,0.0087756,0.00916555,0.00955442,0.00994175,0.0103269,0.0107093,0.0110879,0.0114603,0.0118196,0.0121424,0.0123504,0.0424135,0.0865831,0.128725,0.166795,0.200362,0.229281,0.253487,0.272952,0.287661,0.297609,0.302794,0.303213,0.298868,0.28976,0.275892,0.257269,0.233907,0.205834,0.173112,0.135886,0.0945806,0.0512116,0.0217249,0.0217875,0.0217329,0.0216395,0.0215307,0.0214138,0.0212914,0.0211649,0.0210355,0.0209041,0.0207718,0.0206394,0.0205079,0.020378,0.0202506,0.0201263,0.0200058,0.0198896,0.0197783,0.0196724,0.0195723,0.0194784,0.0193912,0.0193109,0.0192378,0.0191722,0.0191143,0.0190643,0.0190224,0.0189887,0.0189634,0.0189464,0.018938,0,
0,0.000382856,0.000765869,0.00114921,0.00153302,0.00191749,0.0023027,0.00268887,0.00307605,0.00346443,0.00385405,0.00424507,0.00463749,0.00503145,0.00542688,0.0058239,0.00622237,0.00662237,0.0070237,0.00742634,0.00783005,0.00823471,0.00863997,0.00904562,0.00945118,0.00985632,0.0102605,0.0106634,0.0110647,0.0114643,0.0118622,0.0122557,0.0126276,0.0128411,0.0617257,0.108282,0.150777,0.188748,0.222086,0.250752,0.274725,0.293994,0.308554,0.318403,0.323539,0.323962,0.319672,0.31067,0.296957,0.278537,0.255415,0.227603,0.19512,0.158006,0.116369,0.0706629,0.0225603,0.0226096,0.0225051,0.0223776,0.022244,0.022107,0.021967,0.0218244,0.0216798,0.0215342,0.0213885,0.0212434,0.0211,0.020959,0.0208211,0.0206869,0.0205572,0.0204324,0.0203131,0.0201998,0.0200929,0.0199927,0.0198998,0.0198143,0.0197366,0.0196669,0.0196054,0.0195524,0.019508,0.0194723,0.0194455,0.0194275,0.0194185,0,
0,0.000392812,0.00078581,0.00117916,0.00157306,0.00196764,0.00236313,0.00275962,0.00315732,0.00355631,0.00395679,0.00435879,0.00476249,0.00516788,0.00557509,0.00598408,0.00639495,0.00680757,0.00722198,0.00763801,0.00805562,0.00847455,0.00889467,0.00931561,0.00973712,0.0101587,0.01058,0.0110007,0.0114209,0.0118418,0.0122666,0.0127041,0.013202,0.0143948,0.079788,0.129709,0.172817,0.210753,0.243884,0.272308,0.296054,0.315131,0.329544,0.339293,0.344381,0.344807,0.340572,0.331675,0.318117,0.299895,0.277007,0.249444,0.217178,0.180114,0.137891,0.0889026,0.0246594,0.0235184,0.0232903,0.0231191,0.0229592,0.0228019,0.022644,0.0224849,0.0223248,0.0221644,0.0220047,0.0218466,0.0216908,0.0215382,0.0213894,0.021245,0.0211058,0.0209721,0.0208445,0.0207236,0.0206096,0.020503,0.0204042,0.0203134,0.0202309,0.020157,0.0200919,0.0200357,0.0199887,0.0199509,0.0199225,0.0199035,0.019894,0,
0,0.000402672,0.000805539,0.00120881,0.00161267,0.00201733,0.00242294,0.00282973,0.00323782,0.00364742,0.00405862,0.00447162,0.00488647,0.00530334,0.00572223,0.00614329,0.00656646,0.00699183,0.00741928,0.00784886,0.00828038,0.00871379,0.00914884,0.00958535,0.010023,0.0104613,0.0108999,0.0113383,0.0117768,0.0122171,0.0126638,0.0131183,0.0135011,0.050816,0.104015,0.152415,0.195213,0.232906,0.265775,0.29394,0.317454,0.336338,0.350602,0.360252,0.365291,0.36572,0.36154,0.352748,0.339345,0.321323,0.298674,0.271377,0.239381,0.202569,0.160666,0.113184,0.0609179,0.0241737,0.0240435,0.0238543,0.023673,0.023497,0.0233218,0.023146,0.0229698,0.0227942,0.0226201,0.0224484,0.0222799,0.0221152,0.0219552,0.0218003,0.0216512,0.0215083,0.0213722,0.0212434,0.0211221,0.0210089,0.020904,0.0208077,0.0207203,0.0206421,0.0205732,0.0205138,0.0204641,0.0204242,0.0203942,0.0203742,0.0203641,0,
0,0.000412414,0.000825052,0.00123812,0.00165186,0.00206645,0.00248213,0.00289907,0.00331751,0.00373757,0.00415948,0.00458334,0.00500937,0.0054376,0.00586822,0.00630124,0.0067368,0.00717484,0.00761546,0.00805855,0.00850414,0.00895205,0.00940224,0.00985442,0.0103084,0.0107637,0.0112198,0.0116759,0.0121316,0.0125887,0.0130566,0.013573,0.0145286,0.0757139,0.128385,0.17572,0.217926,0.255217,0.287756,0.315635,0.338904,0.357588,0.371701,0.381251,0.38624,0.386672,0.382547,0.373862,0.360616,0.3428,0.320402,0.293397,0.261738,0.225333,0.184024,0.137602,0.0858573,0.0256459,0.0248298,0.0245851,0.0243839,0.0241917,0.0239999,0.0238072,0.0236146,0.0234232,0.0232342,0.0230485,0.0228667,0.0226897,0.022518,0.0223523,0.022193,0.0220407,0.0218959,0.0217589,0.0216302,0.0215101,0.021399,0.021297,0.0212046,0.021122,0.0210492,0.0209865,0.0209341,0.020892,0.0208603,0.0208392,0.0208286,0,
0,0.000422036,0.000844308,0.00126707,0.00169054,0.00211498,0.00254058,0.00296761,0.00339624,0.00382672,0.00425919,0.00469391,0.00513096,0.00557057,0.0060128,0.00645783,0.00690567,0.00735647,0.00781018,0.0082669,0.00872652,0.00918909,0.00965444,0.0101225,0.0105931,0.0110658,0.0115398,0.0120138,0.0124857,0.0129542,0.0134219,0.0138555,0.0506024,0.102851,0.153203,0.199354,0.240848,0.277648,0.309804,0.33737,0.360379,0.378856,0.392814,0.40226,0.407199,0.407634,0.403564,0.394989,0.381903,0.3643,0.342167,0.315482,0.28421,0.248301,0.207705,0.162459,0.11301,0.0616243,0.0254668,0.0252913,0.0250896,0.0248862,0.0246785,0.0244685,0.0242586,0.0240509,0.0238464,0.0236462,0.0234509,0.0232612,0.0230776,0.0229007,0.022731,0.022569,0.0224151,0.0222698,0.0221334,0.0220063,0.0218887,0.021781,0.0216835,0.0215962,0.0215195,0.0214534,0.0213982,0.0213538,0.0213205,0.0212982,0.0212871,0,
0,0.000431518,0.000863302,0.0012956,0.0017287,0.00216282,0.00259826,0.00303521,0.00347397,0.0039147,0.0043577,0.0048031,0.00525117,0.00570201,0.00615585,0.00661276,0.00707294,0.00753639,0.00800327,0.00847353,0.0089473,0.00942449,0.00990517,0.0103892,0.0108766,0.011367,0.0118597,0.0123527,0.0128417,0.0133202,0.0138065,0.0146187,0.0753684,0.128496,0.177829,0.223053,0.263857,0.300136,0.331881,0.359112,0.38185,0.400113,0.41391,0.42325,0.428138,0.428576,0.424563,0.416098,0.403177,0.385794,0.363938,0.337592,0.306736,0.271351,0.231447,0.187125,0.138691,0.0864497,0.0266116,0.0260123,0.0257962,0.0255831,0.0253585,0.0251296,0.0249015,0.0246767,0.0244563,0.0242412,0.024032,0.0238292,0.0236333,0.023445,0.0232646,0.0230926,0.0229295,0.0227756,0.0226313,0.022497,0.0223729,0.0222593,0.0221565,0.0220645,0.0219837,0.0219142,0.0218561,0.0218095,0.0217744,0.021751,0.0217393,0,
0,0.000440855,0.000881992,0.00132371,0.00176626,0.00220996,0.00265504,0.00310183,0.00355053,0.00400146,0.00445479,0.00491084,0.00536975,0.00583181,0.00629711,0.00676592,0.00723829,0.00771444,0.00819437,0.00867827,0.0091661,0.00965799,0.0101539,0.0106541,0.0111584,0.011667,0.0121794,0.012694,0.0132036,0.0136819,0.0140368,0.0491122,0.101871,0.153717,0.20221,0.246683,0.286856,0.322619,0.353943,0.380828,0.403285,0.421326,0.43496,0.444192,0.449027,0.449467,0.445512,0.43716,0.424408,0.407251,0.38568,0.359685,0.329255,0.294389,0.255118,0.211548,0.163956,0.112997,0.0610811,0.0265923,0.0265012,0.0262866,0.0260408,0.0257903,0.0255426,0.0252999,0.0250632,0.0248329,0.0246094,0.0243932,0.0241849,0.0239848,0.0237934,0.0236112,0.0234386,0.023276,0.0231237,0.022982,0.0228512,0.0227316,0.0226233,0.0225266,0.0224417,0.0223686,0.0223075,0.0222586,0.0222218,0.0221972,0.0221849,0,
0,0.000450028,0.000900369,0.00135131,0.00180319,0.00225628,0.00271091,0.00316733,0.00362589,0.0040868,0.00455041,0.00501692,0.00548663,0.00595971,0.00643647,0.006917,0.00740159,0.00789029,0.00838332,0.00888071,0.00938265,0.00988916,0.0104004,0.0109165,0.0114378,0.0119647,0.012498,0.0130382,0.0135831,0.0141132,0.0144665,0.0710674,0.126325,0.178268,0.226296,0.270176,0.309781,0.345046,0.375947,0.40248,0.424651,0.442466,0.455932,0.465054,0.469835,0.470277,0.46638,0.458143,0.445564,0.428637,0.407357,0.381718,0.351715,0.317351,0.278651,0.235678,0.188559,0.137522,0.0831568,0.0273737,0.0272759,0.0270077,0.0267258,0.0264494,0.0261807,0.0259199,0.0256665,0.0254207,0.0251827,0.0249529,0.0247317,0.0245197,0.0243171,0.0241245,0.0239422,0.0237706,0.02361,0.0234608,0.0233232,0.0231974,0.0230836,0.0229821,0.0228929,0.0228162,0.0227522,0.0227008,0.0226623,0.0226365,0.0226236,0,
0,0.000459032,0.00091839,0.00137842,0.00183942,0.00230176,0.00276572,0.00323167,0.00369986,0.00417068,0.00464435,0.00512123,0.00560154,0.00608561,0.00657362,0.00706587,0.00756249,0.00806375,0.00856974,0.00908066,0.00959658,0.0101177,0.0106441,0.011176,0.011714,0.0122588,0.0128127,0.0133797,0.013971,0.0146441,0.0160238,0.091217,0.150087,0.202464,0.25016,0.293519,0.332593,0.367373,0.397854,0.424032,0.445912,0.463498,0.476794,0.485804,0.49053,0.490974,0.487137,0.479016,0.466611,0.449918,0.428933,0.403652,0.374073,0.340197,0.302033,0.259586,0.212809,0.161362,0.103469,0.0294772,0.0281466,0.0277366,0.0274077,0.027104,0.0268146,0.0265355,0.0262655,0.0260041,0.0257514,0.0255077,0.0252735,0.0250492,0.0248352,0.0246319,0.0244397,0.024259,0.02409,0.0239331,0.0237885,0.0236564,0.023537,0.0234305,0.023337,0.0232567,0.0231896,0.0231359,0.0230955,0.0230685,0.0230551,0,
0,0.000467845,0.000936048,0.00140495,0.00187493,0.0023463,0.00281945,0.00329469,0.00377241,0.00425289,0.00473652,0.00522356,0.00571439,0.00620923,0.00670845,0.00721221,0.00772085,0.0082345,0.00875343,0.00927773,0.00980764,0.0103432,0.0108847,0.0114322,0.0119863,0.0125479,0.0131199,0.0137075,0.0143127,0.0148531,0.0568491,0.118011,0.174948,0.226739,0.273907,0.316719,0.355264,0.389565,0.419626,0.445449,0.467036,0.48439,0.497514,0.50641,0.511081,0.511527,0.507749,0.499746,0.487517,0.47106,0.450372,0.42545,0.396294,0.362902,0.325269,0.283374,0.23713,0.186276,0.130299,0.07011,0.0287141,0.0284198,0.0280755,0.0277507,0.0274425,0.0271462,0.0268597,0.0265826,0.026315,0.0260572,0.0258097,0.0255729,0.0253472,0.025133,0.0249308,0.0247407,0.0245632,0.0243985,0.0242467,0.0241083,0.0239832,0.0238716,0.0237738,0.0236897,0.0236196,0.0235633,0.0235211,0.023493,0.0234789,0,
0,0.000476462,0.000953298,0.0014309,0.00190962,0.00238986,0.00287197,0.00335636,0.00384336,0.00433338,0.00482672,0.00532381,0.00582492,0.00633045,0.00684064,0.00735586,0.00787631,0.00840232,0.00893403,0.0094717,0.0100154,0.0105655,0.0111218,0.0116847,0.0122542,0.0128312,0.0134184,0.0140254,0.0146909,0.0157574,0.0842999,0.144626,0.200151,0.251059,0.29755,0.339765,0.37777,0.411588,0.441229,0.466695,0.487987,0.505108,0.518058,0.52684,0.531455,0.531903,0.528185,0.5203,0.508248,0.492028,0.471638,0.447077,0.418344,0.385437,0.348348,0.307053,0.261489,0.211518,0.156943,0.0975787,0.0300375,0.0291311,0.0287322,0.0283879,0.0280637,0.0277512,0.0274486,0.0271557,0.026873,0.0266009,0.0263398,0.0260903,0.0258527,0.0256275,0.0254149,0.0252154,0.0250292,0.0248565,0.0246975,0.0245526,0.0244217,0.024305,0.0242028,0.0241149,0.0240416,0.0239829,0.0239389,0.0239095,0.0238948,0,
0,0.000484862,0.00097013,0.00145619,0.00194347,0.00243234,0.00292324,0.00341652,0.00391264,0.00441194,0.00491486,0.00542174,0.00593301,0.00644898,0.00697006,0.00749651,0.00802871,0.00856687,0.00911132,0.0096622,0.0102198,0.0107841,0.0113553,0.0119334,0.012518,0.0131088,0.0137056,0.0143102,0.0148838,0.0552835,0.113822,0.171386,0.225396,0.275308,0.321044,0.362625,0.400075,0.433407,0.462627,0.487735,0.508732,0.525618,0.538395,0.547062,0.55162,0.55207,0.548412,0.540646,0.528771,0.512788,0.492697,0.468497,0.440188,0.40777,0.371238,0.33058,0.285773,0.236795,0.183726,0.127097,0.0694513,0.0296744,0.0293581,0.0290138,0.0286783,0.0283508,0.028032,0.0277232,0.0274251,0.0271383,0.0268635,0.026601,0.0263513,0.0261148,0.0258918,0.0256826,0.0254875,0.0253067,0.0251405,0.0249889,0.0248521,0.0247303,0.0246236,0.0245319,0.0244555,0.0243943,0.0243483,0.0243177,0.0243023,0,
0,0.00049304,0.000986502,0.00148082,0.00197641,0.00247371,0.00297313,0.00347513,0.00398009,0.0044885,0.00500072,0.00551724,0.00603841,0.00656468,0.00709639,0.00763396,0.00817768,0.00872793,0.00928493,0.00984898,0.0104202,0.0109989,0.0115849,0.0121783,0.0127784,0.0133829,0.0139885,0.0146125,0.0155164,0.0820142,0.141332,0.197589,0.25039,0.299351,0.34432,0.385253,0.422143,0.454987,0.483784,0.508534,0.529236,0.545888,0.55849,0.567042,0.571544,0.571995,0.568397,0.560749,0.549052,0.533307,0.513514,0.489675,0.461791,0.429864,0.393895,0.353887,0.309847,0.261819,0.209953,0.154626,0.0962225,0.0306606,0.0299999,0.0296347,0.0292884,0.0289454,0.0286099,0.0282845,0.0279707,0.027669,0.0273801,0.0271044,0.0268424,0.0265944,0.0263608,0.0261418,0.0259377,0.0257488,0.0255751,0.0254169,0.0252742,0.0251472,0.0250359,0.0249404,0.0248607,0.024797,0.0247491,0.0247172,0.0247013,0,
0,0.000500974,0.0010024,0.00150472,0.00200839,0.00251386,0.00302159,0.00353202,0.00404564,0.00456287,0.00508421,0.00561007,0.00614096,0.00667726,0.00721946,0.0077679,0.00832303,0.00888514,0.00945461,0.0100317,0.0106165,0.0112094,0.0118104,0.0124195,0.0130362,0.0136565,0.0142609,0.0147637,0.052503,0.110232,0.168005,0.223179,0.274988,0.323085,0.367312,0.407603,0.443932,0.476288,0.504665,0.529058,0.549465,0.565883,0.578311,0.586748,0.591193,0.591646,0.588108,0.580578,0.569058,0.553549,0.534054,0.510574,0.483114,0.451677,0.416271,0.376907,0.33361,0.286446,0.235571,0.181327,0.124469,0.0676108,0.030497,0.0302451,0.0298966,0.0295357,0.0291819,0.0288395,0.0285095,0.0281926,0.0278893,0.0276002,0.0273256,0.027066,0.0268216,0.0265926,0.0263795,0.0261822,0.0260011,0.0258361,0.0256874,0.0255551,0.0254393,0.0253399,0.025257,0.0251907,0.025141,0.0251078,0.0250912,0,
0,0.000508659,0.00101779,0.00152786,0.00203935,0.00255275,0.0030685,0.00358714,0.00410911,0.00463495,0.00516511,0.00570012,0.00624043,0.00678657,0.00733896,0.00789811,0.00846439,0.00903824,0.00961997,0.0102099,0.0108083,0.0114154,0.0120313,0.0126565,0.013292,0.0139392,0.0145906,0.0151429,0.0756503,0.135862,0.193583,0.248105,0.299119,0.346441,0.389963,0.429627,0.465403,0.497275,0.525233,0.549271,0.569385,0.585571,0.597825,0.606147,0.610536,0.61099,0.607511,0.600099,0.588755,0.573482,0.554282,0.53116,0.50412,0.47317,0.438319,0.399584,0.356994,0.310606,0.260528,0.206941,0.150152,0.0908604,0.0312256,0.0309099,0.0305117,0.0301221,0.0297476,0.0293873,0.0290408,0.0287084,0.0283906,0.0280878,0.0278004,0.0275289,0.0272736,0.0270346,0.0268122,0.0266066,0.0264179,0.0262461,0.0260914,0.0259538,0.0258334,0.0257301,0.025644,0.0255751,0.0255235,0.025489,0.0254718,0,
0,0.000516075,0.00103265,0.0015502,0.00206925,0.00259028,0.00311382,0.00364036,0.00417044,0.00470457,0.0052433,0.00578713,0.00633664,0.00689231,0.0074547,0.00802426,0.00860152,0.00918686,0.00978074,0.0103834,0.0109953,0.0116164,0.012247,0.0128876,0.0135411,0.0142193,0.0149763,0.0162418,0.0964013,0.160335,0.218403,0.272447,0.322772,0.369381,0.41223,0.451284,0.486516,0.517909,0.545453,0.56914,0.588962,0.604917,0.616999,0.625207,0.629539,0.629995,0.626574,0.619279,0.60811,0.59307,0.574164,0.551396,0.524773,0.494303,0.459998,0.421875,0.379958,0.334286,0.284901,0.2318,0.174684,0.111741,0.0327583,0.0316212,0.031122,0.0307,0.0303053,0.0299274,0.0295643,0.0292161,0.0288833,0.0285666,0.0282663,0.0279828,0.0277164,0.0274672,0.0272355,0.0270215,0.0268251,0.0266465,0.0264857,0.0263428,0.0262178,0.0261106,0.0260213,0.0259498,0.0258963,0.0258606,0.0258427,0,
0,0.000523216,0.00104694,0.00157171,0.00209802,0.00262642,0.00315742,0.0036916,0.00422946,0.00477161,0.00531858,0.00587098,0.00642934,0.00699429,0.00756635,0.00814611,0.00873404,0.0093307,0.00993649,0.0105518,0.0111769,0.011812,0.012457,0.0131115,0.0137763,0.0144552,0.0151075,0.0586301,0.123742,0.185553,0.24293,0.296327,0.34596,0.391879,0.434079,0.472537,0.507234,0.538156,0.565291,0.588629,0.608163,0.623888,0.6358,0.643895,0.648171,0.648628,0.645266,0.638086,0.62709,0.612282,0.593666,0.571249,0.545037,0.515041,0.481271,0.443745,0.402481,0.3575,0.30881,0.256361,0.199942,0.139105,0.0749717,0.0320958,0.0316888,0.0312625,0.0308536,0.0304592,0.0300793,0.029715,0.0293671,0.0290362,0.0287227,0.028427,0.0281494,0.02789,0.0276489,0.0274263,0.0272223,0.0270368,0.02687,0.0267217,0.0265921,0.026481,0.0263885,0.0263145,0.026259,0.026222,0.0262035,0,
0,0.000530063,0.00106066,0.00159233,0.00212563,0.00266107,0.00319926,0.00374073,0.00428609,0.00483591,0.00539083,0.00595143,0.00651837,0.00709224,0.00767369,0.0082633,0.00886169,0.00946937,0.0100869,0.0107146,0.011353,0.0120021,0.0126616,0.0133296,0.0140036,0.014706,0.015725,0.086277,0.150383,0.21071,0.267142,0.319768,0.368681,0.413917,0.455477,0.493351,0.527523,0.557981,0.584711,0.607705,0.626955,0.642453,0.654196,0.662179,0.6664,0.666858,0.663553,0.656487,0.645662,0.631083,0.612754,0.590683,0.564877,0.535347,0.502105,0.465164,0.424541,0.380245,0.332277,0.280602,0.225128,0.165767,0.102631,0.0330652,0.0322665,0.0318151,0.0313937,0.0309827,0.0305855,0.0302046,0.0298412,0.0294959,0.0291691,0.0288611,0.0285721,0.0283023,0.0280519,0.0278207,0.027609,0.0274167,0.0272438,0.0270902,0.0269559,0.0268409,0.0267452,0.0266686,0.0266113,0.026573,0.0265539,0,
0,0.000536611,0.00107377,0.00161205,0.002152,0.0026942,0.00323922,0.00378769,0.00434018,0.00489737,0.00545985,0.00602834,0.00660346,0.00718593,0.0077764,0.00837558,0.00898406,0.00960252,0.0102315,0.0108715,0.011523,0.0121864,0.0128614,0.0135443,0.0142149,0.0147837,0.0541031,0.114997,0.176591,0.235504,0.290938,0.342743,0.390916,0.435467,0.476396,0.513694,0.547349,0.577349,0.603681,0.626336,0.645304,0.660579,0.672155,0.680027,0.684194,0.684653,0.681405,0.674451,0.663795,0.649441,0.631395,0.609665,0.584259,0.555188,0.522465,0.486102,0.446111,0.402502,0.355276,0.304423,0.249946,0.191995,0.131355,0.0713653,0.0326787,0.0323509,0.031928,0.0314985,0.0310825,0.0306844,0.0303052,0.0299452,0.0296049,0.0292845,0.0289841,0.0287038,0.0284439,0.0282042,0.0279848,0.0277856,0.0276066,0.0274477,0.0273089,0.02719,0.0270911,0.027012,0.0269527,0.0269132,0.0268935,0,
0,0.000542844,0.00108626,0.00163082,0.00217711,0.00272572,0.00327727,0.00383235,0.00439165,0.0049558,0.00552552,0.00610147,0.00668443,0.00727509,0.00787423,0.00848256,0.00910084,0.00972971,0.0103699,0.0110218,0.0116863,0.0123641,0.0130567,0.013766,0.0144836,0.0150947,0.0777481,0.140759,0.201751,0.259698,0.31422,0.365206,0.412633,0.456501,0.496803,0.533533,0.566679,0.596227,0.622167,0.644488,0.663179,0.678234,0.689646,0.697409,0.701522,0.701982,0.69879,0.691947,0.681457,0.667324,0.649557,0.628162,0.60315,0.574532,0.542319,0.506526,0.467163,0.424239,0.377759,0.327726,0.274162,0.217178,0.157149,0.0950858,0.0333257,0.0329403,0.032466,0.0320066,0.0315694,0.0311535,0.0307582,0.0303835,0.0300295,0.0296965,0.0293846,0.0290939,0.0288245,0.0285763,0.0283492,0.0281432,0.0279581,0.027794,0.0276506,0.0275279,0.0274258,0.0273442,0.0272831,0.0272423,0.027222,0,
0,0.000548757,0.0010981,0.00164862,0.00220091,0.0027556,0.00331329,0.00387467,0.00444037,0.00501112,0.00558763,0.00617068,0.00676102,0.00735949,0.00796685,0.00858398,0.00921162,0.00985058,0.0105015,0.0111652,0.0118421,0.0125335,0.0132427,0.0139829,0.0148125,0.0161549,0.098628,0.165099,0.226066,0.283261,0.336936,0.387116,0.433799,0.476985,0.516667,0.552835,0.585478,0.614583,0.640137,0.662129,0.680549,0.695387,0.706637,0.714294,0.718353,0.718814,0.715676,0.708942,0.698615,0.684701,0.667207,0.646142,0.621517,0.593344,0.561635,0.526404,0.487663,0.445422,0.399687,0.350461,0.297746,0.241517,0.181527,0.116072,0.0348089,0.0335799,0.0329957,0.032502,0.0320444,0.0316111,0.0311997,0.03081,0.0304422,0.0300966,0.0297732,0.029472,0.0291931,0.0289364,0.0287017,0.0284889,0.0282979,0.0281285,0.0279806,0.0278541,0.0277489,0.0276649,0.0276019,0.0275599,0.027539,0,
0,0.000554337,0.00110927,0.00166541,0.00222337,0.00278376,0.00334726,0.00391452,0.00448625,0.00506317,0.00564609,0.00623576,0.00683306,0.00743884,0.008054,0.00867943,0.00931603,0.00996465,0.0106261,0.011301,0.0119898,0.0126927,0.0134112,0.0141493,0.0148639,0.0591355,0.125972,0.18998,0.249947,0.30625,0.359064,0.408437,0.454379,0.496887,0.535954,0.571567,0.603716,0.632384,0.657559,0.679229,0.697381,0.712007,0.723099,0.730651,0.734658,0.73512,0.732035,0.725408,0.71524,0.70154,0.684314,0.663573,0.639328,0.611593,0.58038,0.545704,0.507579,0.466016,0.421023,0.372604,0.320751,0.265415,0.206426,0.143414,0.0775767,0.0339575,0.0334744,0.0329772,0.0325056,0.0320563,0.0316289,0.0312242,0.0308425,0.0304842,0.0301492,0.0298376,0.0295493,0.0292841,0.0290418,0.0288223,0.0286254,0.0284509,0.0282986,0.0281684,0.0280601,0.0279736,0.0279088,0.0278657,0.0278441,0,
0,0.000559582,0.00111977,0.00168118,0.00224444,0.00281019,0.0033791,0.00395186,0.00452919,0.00511187,0.0057007,0.00629656,0.0069003,0.00751292,0.00813534,0.00876859,0.00941365,0.0100715,0.010743,0.011429,0.0121295,0.0128432,0.0135685,0.014329,0.015407,0.0868246,0.152348,0.214579,0.273333,0.328645,0.380571,0.429133,0.474335,0.516171,0.554629,0.589696,0.621358,0.649598,0.674401,0.695755,0.713646,0.728064,0.739001,0.74645,0.750407,0.750869,0.747837,0.741313,0.731302,0.717811,0.700847,0.680423,0.656551,0.629245,0.598519,0.564391,0.526875,0.485985,0.441733,0.394125,0.343159,0.288813,0.231033,0.169786,0.105249,0.0348334,0.033961,0.0334379,0.0329542,0.0324891,0.0320454,0.0316253,0.0312296,0.0308585,0.030512,0.03019,0.0298924,0.0296188,0.0293691,0.029143,0.0289403,0.0287608,0.0286042,0.0284703,0.028359,0.0282701,0.0282036,0.0281593,0.0281372,0,
0,0.000564481,0.00112958,0.00169591,0.00226411,0.00283484,0.00340877,0.0039866,0.00456912,0.00515709,0.00575138,0.00635287,0.00696257,0.00758144,0.00821059,0.00885108,0.00950407,0.0101706,0.0108519,0.0115488,0.0122616,0.0129873,0.0137061,0.0143294,0.0537584,0.115275,0.178021,0.238576,0.296098,0.35039,0.401416,0.449166,0.493632,0.534801,0.572659,0.607189,0.638372,0.666192,0.690632,0.711677,0.729313,0.743529,0.754315,0.761663,0.76557,0.766033,0.763052,0.75663,0.746771,0.733483,0.716776,0.696662,0.673154,0.646268,0.616021,0.582431,0.545515,0.505291,0.461775,0.414979,0.364913,0.311586,0.255034,0.195453,0.133673,0.0730705,0.0342744,0.0338764,0.0333923,0.0329098,0.0324486,0.0320127,0.0316029,0.031219,0.0308611,0.0305288,0.0302219,0.0299401,0.029683,0.0294505,0.0292422,0.0290577,0.0288969,0.0287595,0.0286452,0.0285541,0.0284858,0.0284404,0.0284177,0,
0,0.000569036,0.00113869,0.00170959,0.00228236,0.00285768,0.00343622,0.00401873,0.00460596,0.00519875,0.00579797,0.0064046,0.00701963,0.00764419,0.00827941,0.00892654,0.00958681,0.0102615,0.0109519,0.0116596,0.0123866,0.0131351,0.0138974,0.0145606,0.0770872,0.14047,0.202366,0.261724,0.318125,0.371417,0.421548,0.468491,0.512229,0.552741,0.590008,0.62401,0.654726,0.682136,0.706222,0.726966,0.744354,0.758372,0.769011,0.776262,0.780121,0.780584,0.777652,0.771328,0.761618,0.748528,0.73207,0.712257,0.689105,0.662629,0.63285,0.599788,0.563463,0.523896,0.481108,0.435118,0.385946,0.333616,0.278183,0.219797,0.158871,0.0964438,0.0348178,0.0343636,0.0338296,0.0333184,0.0328374,0.0323855,0.0319615,0.031565,0.0311956,0.0308532,0.0305372,0.0302474,0.0299832,0.0297444,0.0295305,0.0293413,0.0291764,0.0290355,0.0289185,0.0288251,0.0287552,0.0287086,0.0286854,0,
0,0.000573241,0.0011471,0.0017222,0.00229918,0.00287869,0.00346146,0.00404818,0.00463968,0.00523677,0.0058404,0.00645155,0.00707134,0.0077009,0.00834154,0.00899458,0.00966143,0.0103435,0.0110422,0.0117595,0.0124994,0.0132753,0.0141447,0.0154848,0.0973699,0.163941,0.225581,0.283978,0.339344,0.391668,0.440918,0.487066,0.530086,0.569953,0.606642,0.640128,0.670388,0.697399,0.72114,0.741592,0.758739,0.772566,0.783062,0.790219,0.794031,0.794495,0.791611,0.785382,0.775814,0.762917,0.746701,0.727181,0.704373,0.678297,0.648975,0.616428,0.580681,0.54176,0.499688,0.454493,0.4062,0.354837,0.300437,0.243012,0.182354,0.116802,0.036126,0.0348957,0.0342541,0.03371,0.03321,0.0327424,0.0323045,0.0318956,0.0315151,0.0311626,0.0308378,0.0305401,0.0302691,0.0300242,0.029805,0.0296112,0.0294423,0.0292982,0.0291784,0.0290829,0.0290114,0.0289638,0.02894,0,
0,0.000577099,0.00115481,0.00173375,0.00231455,0.00289789,0.00348444,0.00407496,0.00467022,0.00527112,0.00587858,0.00649367,0.0071175,0.00775139,0.00839666,0.00905484,0.00972745,0.0104161,0.011122,0.0118466,0.012592,0.0133626,0.0141167,0.0575538,0.123729,0.18763,0.248064,0.30538,0.359718,0.411092,0.459478,0.504846,0.547163,0.586399,0.622524,0.655509,0.685326,0.71195,0.735357,0.755526,0.77244,0.786083,0.796442,0.803507,0.807274,0.807738,0.8049,0.798763,0.789334,0.776622,0.760639,0.741402,0.718928,0.69324,0.66436,0.632315,0.597132,0.558841,0.517472,0.473056,0.425625,0.37521,0.321836,0.26549,0.206035,0.143129,0.0779508,0.0351647,0.0346236,0.0340767,0.0335641,0.0330826,0.0326313,0.0322101,0.0318186,0.0314565,0.0311232,0.0308179,0.0305402,0.0302895,0.0300652,0.029867,0.0296943,0.029547,0.0294247,0.0293271,0.0292541,0.0292055,0.0291812,0,
0,0.000580612,0.00116183,0.00174425,0.00232851,0.00291526,0.0035052,0.00409904,0.0046976,0.00530175,0.00591247,0.00653082,0.00715803,0.00779542,0.00844452,0.00910695,0.00978448,0.0104788,0.0111913,0.011922,0.0126703,0.0134593,0.0145474,0.0842337,0.148807,0.210714,0.269743,0.325901,0.379205,0.429642,0.477182,0.521787,0.563419,0.602042,0.63762,0.670119,0.699508,0.725758,0.748844,0.768742,0.785431,0.798896,0.809123,0.816102,0.819825,0.820289,0.817496,0.811447,0.80215,0.789616,0.773858,0.754893,0.732741,0.707426,0.678975,0.647415,0.612779,0.575101,0.534415,0.49076,0.444173,0.394693,0.34235,0.287159,0.229102,0.168174,0.104582,0.0358916,0.0349964,0.0344242,0.0339008,0.0334058,0.0329411,0.0325078,0.0321057,0.0317342,0.0313926,0.0310802,0.0307961,0.0305398,0.0303107,0.0301083,0.0299321,0.0297818,0.029657,0.0295575,0.029483,0.0294334,0.0294087,0,
0,0.000583786,0.00116816,0.00175372,0.00234106,0.00293085,0.00352374,0.00412047,0.00472182,0.00532869,0.00594204,0.006563,0.00719279,0.00783288,0.00848485,0.00915056,0.00983201,0.0105314,0.0112504,0.0119874,0.0127256,0.0133827,0.0514051,0.111235,0.172826,0.232859,0.290482,0.34547,0.397747,0.447267,0.493982,0.537847,0.578816,0.616845,0.651895,0.683926,0.712904,0.738796,0.761573,0.781211,0.797686,0.810982,0.821082,0.827977,0.831659,0.832124,0.829372,0.823407,0.814237,0.801873,0.786329,0.767625,0.745782,0.720826,0.692785,0.661693,0.627585,0.590498,0.550475,0.507559,0.461795,0.41323,0.36191,0.307884,0.251226,0.19216,0.131525,0.072599,0.0351985,0.0347441,0.0342214,0.033712,0.0332332,0.0327879,0.0323755,0.0319951,0.0316457,0.0313264,0.0310363,0.0307748,0.0305412,0.0303348,0.0301553,0.0300022,0.0298751,0.0297737,0.0296979,0.0296474,0.0296222,0,
0,0.000586628,0.00117383,0.00176217,0.00235224,0.00294467,0.00354012,0.00413928,0.00474295,0.00535196,0.00596734,0.00659017,0.00722177,0.00786361,0.00851745,0.00918526,0.00986944,0.0105729,0.0112992,0.0120523,0.0128266,0.0135231,0.0733984,0.13468,0.195162,0.253801,0.310147,0.364008,0.415286,0.463914,0.509831,0.552981,0.593312,0.630772,0.665316,0.696899,0.725484,0.751034,0.773518,0.792908,0.80918,0.822314,0.832295,0.83911,0.842753,0.843218,0.840506,0.834621,0.825571,0.813368,0.798029,0.779572,0.758023,0.733409,0.705761,0.675116,0.641513,0.604995,0.565609,0.523405,0.478437,0.430761,0.380437,0.327533,0.272147,0.214469,0.154943,0.094601,0.0356137,0.0351024,0.0345347,0.0340008,0.0335064,0.0330493,0.0326272,0.0322385,0.0318818,0.0315561,0.0312605,0.0309941,0.0307562,0.0305462,0.0303636,0.0302078,0.0300786,0.0299755,0.0298984,0.0298471,0.0298215,0,
0,0.000589151,0.00117885,0.00176964,0.00236209,0.00295681,0.0035544,0.00415556,0.00476103,0.00537167,0.00598841,0.00661241,0.00724495,0.0078876,0.00854215,0.00921075,0.009896,0.0106014,0.0113331,0.0121052,0.0129714,0.0142368,0.0920353,0.156013,0.215977,0.273475,0.328652,0.381442,0.43176,0.47953,0.524682,0.567148,0.606869,0.643787,0.677849,0.709008,0.73722,0.762446,0.784652,0.803808,0.819888,0.83287,0.842738,0.849479,0.853084,0.853549,0.850875,0.845065,0.836129,0.824078,0.808931,0.790709,0.769437,0.745146,0.717871,0.68765,0.654528,0.618551,0.579773,0.538252,0.494047,0.447226,0.397858,0.346021,0.291799,0.235259,0.176259,0.113276,0.0366488,0.0354926,0.0348289,0.0342672,0.0337587,0.0332911,0.0328602,0.0324637,0.0321004,0.0317688,0.0314681,0.0311973,0.0309556,0.0307422,0.0305567,0.0303986,0.0302673,0.0301627,0.0300845,0.0300324,0.0300064,0,
0,0.000591366,0.00118325,0.00177617,0.00237068,0.00296731,0.00356668,0.00416941,0.00477622,0.00538791,0.00600541,0.00662981,0.00726244,0.00790486,0.00855893,0.00922685,0.00991118,0.0106152,0.011344,0.012105,0.0128636,0.0533418,0.115905,0.177048,0.23562,0.291896,0.345944,0.39771,0.447112,0.494065,0.538488,0.580306,0.61945,0.655855,0.689463,0.720222,0.748084,0.773007,0.794952,0.813889,0.829789,0.842629,0.852391,0.859062,0.862632,0.863097,0.860458,0.854719,0.845888,0.83398,0.819013,0.80101,0.779999,0.756012,0.729086,0.699265,0.666595,0.63113,0.592928,0.552053,0.508574,0.462567,0.414112,0.363295,0.310198,0.254874,0.197259,0.137084,0.075485,0.0356372,0.0350654,0.0345038,0.0339878,0.0335122,0.0330737,0.0326704,0.032301,0.0319642,0.0316589,0.0313841,0.0311389,0.0309226,0.0307345,0.0305741,0.0304411,0.030335,0.0302557,0.030203,0.0301766,0,
0,0.00059329,0.00118707,0.00178182,0.00237805,0.00297628,0.00357705,0.00418096,0.00478865,0.00540088,0.00601851,0.00664259,0.00727441,0.00791555,0.0085679,0.00923368,0.00991525,0.010615,0.0113368,0.0121063,0.0131465,0.0774257,0.138014,0.19697,0.253997,0.309014,0.361961,0.412751,0.461286,0.507468,0.551206,0.592415,0.631017,0.666943,0.700128,0.730515,0.758051,0.782691,0.804395,0.823128,0.83886,0.851569,0.861233,0.867839,0.871377,0.871843,0.869236,0.863562,0.854829,0.843053,0.828253,0.810454,0.789684,0.765979,0.739379,0.70993,0.677683,0.642696,0.605033,0.564765,0.521969,0.47673,0.42914,0.379294,0.327292,0.27322,0.217141,0.159133,0.0994885,0.0361626,0.0352964,0.0347145,0.0341941,0.0337124,0.0332673,0.0328579,0.0324832,0.0321418,0.0318325,0.0315542,0.0313059,0.0310869,0.0308966,0.0307343,0.0305996,0.0304923,0.030412,0.0303586,0.0303319,0,
0,0.000594939,0.00119033,0.00178663,0.0023843,0.00298381,0.00358566,0.00419037,0.00479853,0.0054108,0.00602797,0.006651,0.00728112,0.0079199,0.00856931,0.00923161,0.00990907,0.0106024,0.0113028,0.0119511,0.0461802,0.101028,0.158481,0.21542,0.270945,0.324739,0.376636,0.426505,0.474228,0.51969,0.562791,0.603436,0.641538,0.677021,0.709816,0.739859,0.767095,0.791476,0.812958,0.831504,0.847084,0.859671,0.869246,0.875793,0.879302,0.879768,0.87719,0.871575,0.862933,0.851278,0.836631,0.819018,0.79847,0.775024,0.748723,0.719617,0.687759,0.653214,0.61605,0.576345,0.534184,0.489661,0.442879,0.393949,0.342992,0.290137,0.235549,0.179543,0.123006,0.0690149,0.0353684,0.0348906,0.0343786,0.0338919,0.0334407,0.033026,0.0326466,0.0323013,0.0319886,0.0317073,0.0314565,0.0312352,0.0310428,0.0308788,0.0307427,0.0306343,0.0305532,0.0304992,0.0304722,0,
0,0.000596334,0.00119308,0.00179067,0.0023895,0.00299002,0.00359264,0.00419784,0.00480609,0.00541797,0.00603412,0.00665541,0.00728295,0.00791828,0.00856343,0.00922099,0.00989396,0.0105857,0.0112981,0.0119774,0.0650197,0.120599,0.176675,0.232105,0.286308,0.338972,0.389893,0.438911,0.485884,0.530687,0.573204,0.613333,0.650979,0.686059,0.718499,0.74823,0.775195,0.79934,0.820622,0.838999,0.854441,0.86692,0.876413,0.882907,0.886389,0.886855,0.884304,0.878743,0.870181,0.858635,0.844127,0.826682,0.806335,0.783124,0.757095,0.728299,0.696796,0.662652,0.625943,0.586752,0.545172,0.501307,0.45527,0.407189,0.357202,0.30547,0.252196,0.19769,0.142524,0.0878282,0.0356137,0.035086,0.0345488,0.0340514,0.0335937,0.033174,0.0327909,0.0324424,0.032127,0.0318433,0.0315903,0.0313671,0.031173,0.0310076,0.0308703,0.0307609,0.030679,0.0306245,0.0305973,0,
0,0.000597494,0.00119537,0.001794,0.00239377,0.00299504,0.00359818,0.00420358,0.00481161,0.00542271,0.00603738,0.00665629,0.00728039,0.0079111,0.00855055,0.00920167,0.00986826,0.0105575,0.011312,0.0123915,0.0798649,0.137327,0.192672,0.246919,0.299978,0.351628,0.401665,0.44991,0.496206,0.540414,0.582407,0.622072,0.65931,0.694031,0.726153,0.755607,0.78233,0.806266,0.827369,0.845597,0.860916,0.873297,0.882719,0.889165,0.892624,0.893089,0.890563,0.885049,0.876559,0.86511,0.850724,0.83343,0.813261,0.790259,0.764471,0.735952,0.704765,0.67098,0.634678,0.595948,0.554891,0.511618,0.466256,0.418943,0.369836,0.319113,0.266976,0.213647,0.159214,0.102679,0.0362658,0.0352868,0.0346965,0.0341885,0.0337251,0.0333015,0.0329155,0.0325648,0.0322475,0.031962,0.0317073,0.0314826,0.0312871,0.0311205,0.0309822,0.0308719,0.0307894,0.0307345,0.0307071,0,
0,0.00059844,0.00119722,0.00179669,0.00239718,0.002999,0.00360245,0.00420783,0.0048154,0.00542544,0.00603825,0.00665425,0.0072741,0.00789901,0.00853108,0.00917364,0.00982979,0.0104924,0.0111001,0.0436136,0.0977942,0.152686,0.206726,0.259842,0.311882,0.362634,0.411887,0.459449,0.505148,0.548832,0.590364,0.629624,0.666505,0.700911,0.732757,0.761969,0.78848,0.812235,0.833183,0.85128,0.866493,0.87879,0.88815,0.894555,0.897993,0.898459,0.895953,0.89048,0.882053,0.870688,0.856408,0.839244,0.81923,0.796409,0.770832,0.742554,0.711643,0.678172,0.642226,0.6039,0.563301,0.52055,0.475782,0.429149,0.380821,0.330991,0.279868,0.227663,0.174529,0.120538,0.0672342,0.0352622,0.0347979,0.0343005,0.033834,0.0334079,0.0330203,0.0326685,0.03235,0.0320634,0.0318075,0.0315816,0.031385,0.0312174,0.0310782,0.0309672,0.0308842,0.0308289,0.0308013,0,
0,0.000599192,0.0011987,0.00179881,0.00239984,0.00300204,0.00360564,0.00421085,0.0048178,0.00542661,0.00603732,0.00665003,0.00726497,0.00788287,0.0085057,0.00913794,0.00978771,0.0104582,0.0110492,0.0600502,0.112759,0.165963,0.21874,0.270811,0.321951,0.371925,0.420503,0.467479,0.512668,0.555905,0.597045,0.635961,0.672539,0.706678,0.73829,0.767298,0.793632,0.817233,0.838049,0.856037,0.87116,0.883387,0.892694,0.899064,0.902485,0.902951,0.900462,0.895025,0.88665,0.875355,0.861166,0.844111,0.824228,0.80156,0.77616,0.748087,0.717409,0.684203,0.648559,0.610576,0.570368,0.528061,0.483801,0.437751,0.390094,0.341038,0.29081,0.239643,0.187764,0.135448,0.0836063,0.0353856,0.0349179,0.0343951,0.0339201,0.0334924,0.033105,0.0327533,0.0324345,0.0321473,0.0318907,0.031664,0.0314666,0.0312982,0.0311583,0.0310468,0.0309634,0.0309078,0.0308801,0,
0,0.000599768,0.00119982,0.00180043,0.00240184,0.00300428,0.00360792,0.00421288,0.00481916,0.0054267,0.00603527,0.00664455,0.00725416,0.00786395,0.008475,0.00909236,0.00973394,0.0104689,0.011509,0.071832,0.124882,0.176919,0.22859,0.279744,0.330118,0.379442,0.427463,0.473958,0.518729,0.561602,0.602423,0.641059,0.677391,0.711315,0.742737,0.771579,0.797769,0.821246,0.841957,0.859857,0.874907,0.887077,0.896341,0.902683,0.90609,0.906556,0.904082,0.898672,0.89034,0.879102,0.864985,0.848019,0.828241,0.805698,0.780441,0.752533,0.722044,0.689054,0.653655,0.615951,0.57606,0.534116,0.490271,0.444699,0.397596,0.349186,0.299719,0.249463,0.198682,0.147529,0.0953727,0.0360793,0.035069,0.0344628,0.0339795,0.0335542,0.0331696,0.0328194,0.0325013,0.0322141,0.0319571,0.0317298,0.0315319,0.0313629,0.0312225,0.0311106,0.0310268,0.030971,0.0309431,0,
0,0.000600184,0.00120063,0.00180158,0.00240326,0.00300585,0.00360947,0.00421415,0.00481982,0.0054262,0.00603282,0.0066389,0.00724324,0.00784433,0.00844075,0.00903313,0.00962752,0.0102091,0.0377148,0.0851529,0.135015,0.185519,0.236168,0.286556,0.336317,0.385133,0.432724,0.478851,0.523303,0.565898,0.606477,0.6449,0.681046,0.714805,0.746085,0.774801,0.800883,0.824266,0.844897,0.862729,0.877725,0.889851,0.899084,0.905405,0.908801,0.909267,0.906803,0.901415,0.893114,0.88192,0.867858,0.850958,0.83126,0.808811,0.783663,0.755879,0.725533,0.692706,0.657493,0.620001,0.580351,0.538684,0.495156,0.449951,0.403276,0.35537,0.306511,0.257017,0.207249,0.157612,0.108602,0.061978,0.0349418,0.0344612,0.0340061,0.0335931,0.0332147,0.0328675,0.0325507,0.0322638,0.0320067,0.0317792,0.0315808,0.0314114,0.0312707,0.0311584,0.0310744,0.0310184,0.0309905,0,
0,0.000600454,0.00120115,0.00180232,0.00240417,0.00300684,0.00361042,0.00421488,0.00482006,0.00542557,0.00603069,0.00663421,0.00723417,0.00782734,0.00840878,0.00897275,0.00952834,0.0101801,0.0501138,0.0945436,0.142222,0.191476,0.241333,0.291159,0.340489,0.388954,0.436252,0.482129,0.526365,0.568773,0.609189,0.647469,0.683489,0.717139,0.748322,0.776955,0.802963,0.826283,0.84686,0.864648,0.879607,0.891704,0.900916,0.907223,0.910612,0.911078,0.908621,0.903247,0.894967,0.883802,0.869777,0.852922,0.833278,0.810891,0.785815,0.758116,0.727866,0.695149,0.66006,0.622711,0.583224,0.541742,0.498429,0.453473,0.407089,0.359531,0.311101,0.262163,0.213179,0.164779,0.117924,0.0742641,0.0350328,0.0344451,0.0340089,0.0336126,0.0332422,0.0328985,0.0325831,0.0322967,0.0320397,0.031812,0.0316134,0.0314438,0.0313028,0.0311903,0.0311061,0.0310501,0.0310221,0,
0,0.000600587,0.00120141,0.00180269,0.00240461,0.00300731,0.00361086,0.00421521,0.00482012,0.00542515,0.00602945,0.00663154,0.00722891,0.00781697,0.00838665,0.00891711,0.00934894,0.0236838,0.0574133,0.099539,0.145977,0.194529,0.243953,0.293482,0.342587,0.390873,0.438023,0.483773,0.527901,0.570214,0.610548,0.648756,0.684713,0.718308,0.749442,0.778033,0.804004,0.827293,0.847844,0.865609,0.880549,0.892632,0.901833,0.908132,0.911518,0.911984,0.909531,0.904163,0.895895,0.884745,0.870737,0.853905,0.834288,0.811932,0.786893,0.759236,0.729034,0.696372,0.661347,0.624068,0.584663,0.543276,0.500071,0.45524,0.409004,0.361625,0.313417,0.264774,0.216219,0.168512,0.122879,0.0814891,0.0483635,0.0343261,0.0339893,0.0336175,0.0332546,0.0329135,0.0325991,0.0323131,0.0320562,0.0318284,0.0316297,0.03146,0.0313189,0.0312063,0.031122,0.0310659,0.0310379,0,
0,0,0,0,0,0,0,0,0,0,0,0,0,0,0,0,0,0,0,0,0,0,0,0,0,0,0,0,0,0,0,0,0,0,0,0,0,0,0,0,0,0,0,0,0,0,0,0,0,0,0,0,0,0,0,0,0,0,0,0,0,0,0,0,0,0,0,0,0,0,0,0,0,0,0,0,0,0,0,0,0,0,0,0,0,0,0,0,0,0,
